{"Юриспруденция": [-853.3998867782377, 3.8949459069365733, 0.021209370076714303], "Фармация": [-87.04623652468729, 5.802348742400296, -0.00045074167288446446], "Фотоника, приборостроение, оптические и биотехнические системы и технологии": [220.57131876578296, 2.9536620182277176, -0.012298232129131365], "Экономика и управление": [1881.7863437107567, 1.2719308401074647, -0.04880332467379304], "Управление в технических системах": [103.11839275653693, 1.6273095850906705, -0.004397573625442907], "Технологии легкой промышленности": [6842.768188660681, -58.5070245860538, -0.10110386352232321], "Ветеринария и зоотехния": [-28.201044891637423, 1.9407894736842124, 0.006288699690402338], "Математика и механика": [32.99565341408024, 1.3391168956149655, 8.183505026664387e-05], "Электроника, радиотехника и системы связи": [36.759548134764614, 1.2951019728672066, 0.0002676632848006037], "Электро- и теплоэнергетика": [98.45381167931865, 5.780081697187614, -0.014087905660242126], "Машиностроение": [-37.99702260163339, 0.6801293863041051, 0.008230326814816237], "Техносферная безопасность и природообустройство": [6.565754349618146, 7.830035913508784, -0.007741208541619523], "Образование и педагогические науки": [392.77516340710133, 1.4343839065829591, -0.01604098011471281], "Биологические науки": [117.39936223266142, 0.6657674096538588, -0.003151515814968], "Техника и технологии строительства": [126.0746097095552, 2.0868471816272676, -0.007626107728976598], "Техника и технологии наземного транспорта": [34.44074824854303, 1.7417535340895234, -0.0009463182619250422], "Средства массовой информации и информационно-библиотечное дело": [6.959489371334925, 1.8064455842643146, 0.00010881778650434189], "Социология и социальная работа": [84.70943735343565, 1.84253485285053, -0.004566257179235467], "Языкознание и литературоведение": [174.27093251923648, 1.6689841602664242, -0.007187507367443491], "Психологические науки": [30.32469922404534, 1.5212101400051703, -0.0005233496988474689], "История и археология": [271.0229490091359, 4.68587378730189, -0.01962183505888712], "Химические технологии": [418.90199934849454, 1.090029016643359, -0.01379361988463896], "Информатика и вычислительная техника": [83.39560809768473, 2.1903481453918396, -0.0038413688128299504], "Клиническая медицина": [-294.3113281236258, 2.5449831798227787, 0.010697339209966817], "Сельское, лесное и рыбное хозяйство": [150.22985744984442, 1.7678712237838679, -0.007399621991738929], "Сервис и туризм": [19.398876647351642, 1.7878674228544986, -0.0002851113806922505], "Науки о земле": [26.561863867675683, 2.170533681532071, -0.001682402571313835]}
